regex_key,merchant_key,pattern_regex,priority,active_from,active_to,notes
rx_20250811_162,british_airways,^BRITISH A[[:space:]]+\d+,210,,,
rx_20250811_162,british_airways,^BRITISH A[[:space:]]+\d+,210,,,
rx_20250811_231,dines_brockwell,^DINES\*.*B.?R.?C.?K.?W.?L,210,,,handles truncated 'DINES* BRCKWL WHOLEF'
rx_20250811_232,grand_canyon_national_park,^GR(AND| ?)? CANYON NATIONAL P,210,,,handles 'GRAND CANYON NATIONAL P' & 'GR CANYON NATIONAL P'
rx_20250811_163,ova,^NATERA\y,210,,,map NATERA -> OVA
rx_20250811_163,ova,^NATERA\y,210,,,map NATERA -> OVA
rx_20250811_200,ova,^NATERA\y,210,,,map NATERA → OVA
rx_20250811_015,uchicago_medicine,^MED\*UNIVERSITY OF CHICAGO,210,,,
rx_20250811_078,11_plc_hospitality,^11\W*PLC\W*HOSPITALITY,205,,,hyphen/spacing tolerant
rx_20250811_004,american_airlines,^AMERICAN AIR(?: ?LINES)?\d*,205,,,AMERICAN AIR0012… and AMERICAN AI …
rx_20250811_005,american_airlines,^AA\.COM,205,,,AA.COM kiosk/online
rx_20250811_006,american_airlines,^AMERICANAIRLINES,205,,,no-space variant
rx_20250811_007,american_airlines,^AA Kiosk,205,,,AA Kiosk…
rx_20250811_080,american_airlines,^AMERICAN AI\y,205,,,AMERICAN AI 0010…
rx_20250811_206,american_airlines,^AMERICAN AI\y,205,,,
rx_20250811_164,binny_s,^BINNYS (?:EXPRESS|BEVERAGE)\y,205,,,
rx_20250811_164,binny_s,^BINNYS (?:EXPRESS|BEVERAGE)\y,205,,,
rx_20250811_203,binny_s,^BINNYS (?:EXPRESS|BEVERAGE)\y,205,,,
rx_20250811_010,british_airways,^B ?A INTERNET,205,,,B A INTERNET…
rx_20250811_165,carrefour,^MAF[[:space:]]+\d{4}[[:space:]]+TILL[[:space:]]+\d+,205,,,
rx_20250811_165,carrefour,^MAF[[:space:]]+\d{4}[[:space:]]+TILL[[:space:]]+\d+\y,205,,,
rx_20250811_214,chandarana_supermarket,^CHANDARANA\y,205,,,
rx_20250811_226,chandarana_supermarket,^CHANDARANA (?:SUPER|RIVER)[A-Z0-9]*,205,,,terminal codes
rx_20250811_094,city_of_austin_parks_and_rec,^COA PARKS (?:&|AND) REC,205,,,
rx_20250811_100,elephant_and_castle_wabash,^ELEPHANT (?:&|AND) CASTLE WABASH,205,,,
rx_20250811_167,eventbrite,^EB\y,205,,,
rx_20250811_208,eventbrite,^EB\y,205,,,
rx_20250811_211,gail_s_islington,^GAILS ISLINGTON\y,205,,,
rx_20250811_166,grand_canyon_maswik,^MASWIK (?:CAFE(?:/PIZZA)?|PIZZA) ?PUB\y,205,,,
rx_20250811_204,grand_canyon_maswik,^MASWIK (?:CAFE(?:/PIZZA)?|PIZZA) ?PUB\y,205,,,
rx_20250811_213,grand_canyon_national_park,^GR ?CANYON NATIONAL P,205,,,
rx_20250811_212,grand_millennium_hotel,^GRAND MILLENNIUM HOTEL\y,205,,,
rx_20250811_210,liquorama,^LIQOURAMA\y,205,,,misspelling variant
rx_20250811_050,mail_boxes_etc_highbury_and_islington,^MBE LONDON HIGHBURY,205,,,
rx_20250811_201,millennium_knickerbocker,^MILLENNIUM KNICKERBOCKER\y,205,,,
rx_20250811_205,rawhide,^RAW ?HIDE\y,205,,,
rx_20250811_011,british_airways,^BRITISH A\y,204,,,BRITISH A   125…
rx_20250811_012,british_airways,^BA INFLIGHT,204,,,
rx_20250811_178,british_airways,^BA INFLIGHT\y,204,,,keep here to ensure priority (dup-safe)
rx_20250811_079,airport_retail_enterprises,^AIRPORT RETAIL ENTERPR,200,,,truncated descriptor
rx_20250811_083,arlo_chicago_fandb,^ARLO CHICAGO .*F&?B,200,,,no-parens variant
rx_20250811_084,art_institute_of_chicago,^ART INST,200,,,museum shop/online
rx_20250811_003,delta_air_lines,^DELTA AIR,200,,,DELTA AIR 00… tickets
rx_20250811_008,kenya_airways,^KENYA AIR,200,,,
rx_20250811_009,kenya_airways,^KQ CC,200,,,
rx_20250811_001,whole_foods,\yWHOLEFDS\y,200,,,WHOLEFDS WLP/LMR/FLG #xxxx
rx_auto_10002,american_airlines,^(aa(\.com)?|american[[:space:]]*ai(r|rlines)),199,,,AA.COM and AMERICAN AI
rx_20250811_075,angel_orient_zettle,Angel Orient \(Zettle\)|Zettle_?\*Angel Orient,199,,,combine both
rx_20250811_218,arby_s,^ARBYS\y,199,,,
rx_20250811_128,auntie_anne_s,AUNTIE ANNE'?S,199,,,
rx_auto_10008,ba_inflight_sales,^ba[[:space:]]*inflight[[:space:]]*sales,199,,,BA inflight purchases
rx_20250811_209,blackwell_s,^BLACKWELLS\y,199,,,
rx_20250811_093,chandarana_supermarket,^CHANDARANA\y,199,,,
rx_20250811_142,chicago_special_event_square,^SQ \*CHICAGO SPECIAL EVENT,199,,,
rx_20250811_161,ciaran_hughes_zettle,^Zettle_?\*?Ciaran Hughes,199,,,
rx_20250811_031,city_of_chicago,^CTY ?CHGO .*STICKER,199,,,City Clerk stickers
rx_20250811_032,city_of_chicago,^CITY CHICAGO TICKET,199,,,
rx_20250811_095,city_of_chicago,^CTY (?:CLERK|CHGO CLERK).*(STICKER|STICKERS),199,,,
rx_auto_10004,city_of_chicago,^(city[[:space:]]*chicago[[:space:]]*ticket[[:space:]]*web|ctychgo.*sticker|house[[:space:]]*of[[:space:]]*blues[[:space:]]*chicago),199,,,City of Chicago payments
rx_20250811_028,cmt_taxi,^(?:CMT (?:CHICAGO|UK).*)|(?:CMT .*TAXI),199,,,
rx_20250811_220,dines_brockwell,^DINES\*.*BR[AO]?CKW?ELL,199,,,
rx_20250811_225,dunkin,^DUNKIN\y,199,,,
rx_20250811_167,eventbrite,^EB\y,199,,,
rx_20250811_143,fairgrounds_coffee,^SQ \*FAIRGROUNDS,199,,,
rx_20250811_176,gail_s_islington,^GAILS ISLINGTON\y,199,,,
rx_auto_10009,grand_millennium_hotel,^grand[[:space:]]*millennium[[:space:]]*hotel,199,,,Grand Millennium Hotel
rx_20250811_221,hattie_b_s,^HATTIE B'?S?\y,199,,,
rx_20250811_106,hudson_london_taxi,HUDSONLOND.*TAXI,199,,,
rx_20250811_114,hunt_and_fish_lga,(?:^HUNT (?:&|AND) FISH .*LGA|^LGA .*HUNT (?:&|AND) FISH),199,,,
rx_20250811_030,illinois_secretary_of_state,^ILSOS .*RENEW,199,,,
rx_20250811_108,illinois_secretary_of_state,^ILSOS\y,199,,,
rx_20250811_175,illinois_secretary_of_state,^ILSOS .*CENTRAL DRIV,199,,,
rx_auto_10007,kenya_airways,^(kq[[:space:]]*cc|kenya[[:space:]]*airways),199,,,Kenya Airways variations
rx_20250811_112,king_of_falafel,^KING OF FALAEL,199,,,common misspelling
rx_20250811_113,lange_s_liquors,^LANGE'?S LIQUORS|^LANGES LIQUORS,199,,,
rx_20250811_174,liberty_london,^LIBERTY(?! MUTUAL)\y,199,,,wins over generic LIBERTY collisions
rx_20250811_202,liberty_london,^LIBERTY(?! (MUTUAL|TAX))\y,199,,,
rx_20250811_116,lime,^LIM\*.*RIDE,199,,,LIM*RIDE COST / LIM*4 RIDES
rx_20250811_117,lincoln_park_zoo_concessions,^LINCOLN PARK ZOO CONCE,199,,,
rx_20250811_177,liquorama,^LIQOURAMA\y,199,,,common misspelling
rx_20250811_228,london_eastcheap_street,LONDON EASTCHEAP ST\y,199,,,
rx_20250811_173,lot_d_parking,^LOT [A-Z]\y.*(?:EPS|PAY ON FOOT),199,,,
rx_20250811_230,lot_d_parking,^LOT [A-Z]\y.*(?:EPS|PAY ON FOOT),199,,,
rx_20250811_170,mariano_s,^MARIANOS[[:space:]]*#?\d+\y,199,,,
rx_20250811_172,mariano_s,^MARIANOS[[:space:]]*#?\d+\y,199,,,
rx_20250811_229,mariano_s,^MARIANOS[[:space:]]*#?\d+\y,199,,,
rx_20250811_123,martin_s_bar_b_que_joint,^MARTIN'?S? (?:BAR-?B-?QUE|BBQ) JOINT,199,,,
rx_20250811_124,mattori_s_open_market,^MATTORI'?S? OPEN MARKET,199,,,
rx_20250811_217,mcdonald_s,^MCDONALDS\y,199,,,
rx_auto_10001,mcdonald_s,^mcdonald['’]?[[:space:]]*s\y,199,,,catch MCDONALD'S + store code
rx_20250811_219,nathan_s,^NATHANS\y,199,,,
rx_20250811_130,nola_eatery_and_social_house,^NOLA EATERY (?:&|AND) SOCIAL,199,,,
rx_20250811_131,o_hare_parking,^O'?HARE .*AIRPORT PARK|^O'?HARE.*\yPARK,199,,,
rx_20250811_144,olympus_hills_bowling_lanes,^SQ \*OLYMPUS HILLS LANES,199,,,
rx_20250811_169,palm_restaurant_jfk,^(?:JFK )?PALM REST,199,,,
rx_20250811_172,palm_restaurant_jfk,^(?:JFK )?PALM REST,199,,,
rx_auto_10003,parkchicago,^(park[[:space:]]*chicago[[:space:]]*mobile),199,,,ParkChicago app charges
rx_20250811_145,picnic_square,^SQ \*PICNIC\y,199,,,
rx_20250811_222,picnic_square,^SQ \*PICNIC\y,199,,,
rx_20250811_018,smyth_the_loyalist,^TOCK AT\*SMYTH,199,,,
rx_20250811_215,the_bull,^BULL\y,199,,,
rx_20250811_170,the_king_s_head,^KING HEAD\y,199,,,
rx_20250811_173,the_king_s_head,^KING HEAD\y,199,,,
rx_20250811_207,the_king_s_head,^KING HEAD\y,199,,,
rx_20250811_224,the_porcupine,^PORCUPINE\y,199,,,
rx_20250811_223,the_salisbury,^SALISBURY\y,199,,,
rx_20250811_154,uber,^UBER\*?[[:space:]]+TRIP,199,,,also matches 'UBER* TRIP'
rx_auto_10000,uber,^uber[[:space:]]*(\*?[[:space:]]*trip([[:space:]]*help\.uber\.com)?),199,,,catch UBER *TRIP and HELP.UBER.COM
rx_20250811_156,uchicago_student_centers_pub,^UOFC STUDENT C,199,,,
rx_20250811_155,uchicago_wolfgang_puck,^UOFC .*WOLFGANG|^UNIVERSITY OF CHICAGO-?FPK,199,,,
rx_20250811_147,udderlicious_sumup,SumUp[[:space:]]*\*UDDERLICIOUS,199,,,correct key + broad
rx_20250811_169,ventra,^METRA MILLENNIUM STATION\y,199,,,
rx_20250811_171,ventra,^METRA MILLENNIUM STATION\y,199,,,
rx_20250811_227,ventra,^METRA MILLENNIUM STATION\y,199,,,treat kiosk as transit
rx_auto_10005,ventra,^ventra[[:space:]]*account,199,,,Ventra top-ups (CTA)
rx_20250811_168,wasatch_brew_pub,^WASATCH BREW ?PUB\y,199,,,
rx_20250811_216,wasatch_brew_pub,^WASATCH BREW ?PUB\y,199,,,
rx_20250811_157,west_loop_pic,^WEST LOOP .* - PIC,199,,,
rx_20250811_002,whole_foods,WHOLEFDS .*#?[A-Z0-9]+,199,,,more WHOLEFDS store #
rx_auto_10006,whole_foods,^whole[[:space:]]*foods\y,199,,,Whole Foods
rx_20250811_037,abruzzo_ewr_c1,EWR C1 ABRUZZO,198,,,
rx_20250811_023,alamo_rent_a_car,Alamo[-[[:space:]]]Rent[-[[:space:]]]A[-[[:space:]]]Car,198,,,
rx_20250811_064,angel_orient_zettle,^Zettle_?\*?Angel Orient,198,,,
rx_20250811_081,anglo_african_property_holdings,^ANGLO AFRICAN PROPERTY HO,198,,,
rx_20250811_082,arby_s,^ARBYS\y,198,,,
rx_20250811_041,art_institute_of_chicago,^ART INST(?!ITUTE).*CHGO,198,,,ART INST CHGO-ONLINE
rx_20250811_027,aspen_place_flagstaff,ASPEN PLACE FLAG,198,,,
rx_20250811_019,ballie_ballerson_shoreditch,BALLIEBALLERSON,198,,,DMN/BALLIEBALLERSONSHO…
rx_20250811_036,banger_s_austin,BANGERSAUSTIN\.CO\*,198,,,
rx_20250811_085,ben_s_pizzeria,^BENS PIZZERIA,198,,,
rx_20250811_086,bert_s_car_wash,^BERTS CAR WASH,198,,,
rx_20250811_087,binny_s,^BINNY'?S\y|^BINNYS\y,198,,,
rx_20250811_088,blackwell_s,^BLACKWELLS\y,198,,,
rx_20250811_014,bloomingdale_s,^BLOOMINGDALES[[:space:]]*\.COM,198,,,
rx_20250811_016,booth_groups,^BOOTH (CAMPUS )?GROUPS,198,,,
rx_20250811_062,bp,^BP#[A-Z0-9]+,198,,,BP#XXX… variants
rx_20250811_090,bubbles_ord,^BUBBLES .*ORD,198,,,
rx_20250811_140,c_est_la_vie_cafe,^SPO\*C'?ESTLAVIECAFE,198,,,
rx_20250811_092,center_parcs_fandb,CENTER PARCS F (?:&|AND) B,198,,,
rx_20250811_038,delis_supermarket_and_coffee,Delis\W*Supermarket.*Coff,198,,,
rx_20250811_096,dines_brockwell,^DINES\*.*BR[AO]?CKW?ELL,198,,,
rx_20250811_097,doc_b_s,^DOC B'?S?(?:\y| )REST,198,,,
rx_20250811_059,dunkin,^DUNKIN\y,198,,,
rx_20250811_098,dylan_murphy_s,DYLAN MURPHY[`']S,198,,,
rx_20250811_099,eventbrite,^EB \*,198,,,
rx_20250811_020,flashdancers,^59 MURRAY ENTERPRISES,198,,,parent co. for FlashDancers
rx_20250811_052,flatiron_coffee_jfk,JFK FLATIRONCOF,198,,,
rx_20250811_101,frontera_grill_ord,FRONTERA GRILL .*ORD,198,,,
rx_20250811_102,gail_s_islington,^GAILS\y,198,,,
rx_20250811_024,gibsons_hugo_s,GIBSONS HUGO'?S?,198,,,
rx_20250811_034,goose_island_ord,GOOSE ISLAND .*ORD,198,,,
rx_20250811_021,grand_canyon_maswik,^GR ?CNYN MASWIK,198,,,deposit
rx_20250811_022,grand_canyon_maswik,^MASWIK (CAFE|PIZZA) PUB,198,,,
rx_20250811_103,grand_canyon_national_park,^GR ?CNYN MASWIK|^GR ?CANYON NATIONAL P,198,,,deposit/shortened
rx_20250811_141,grand_cru,^SPO\*GRAND ?CRU,198,,,
rx_20250811_048,grove_ord,GROVE .*ORD,198,,,
rx_20250811_042,guggenheim_museum,GUGGENHEIM(\.ORG)?|^RA@GUGGENHEIM,198,,,
rx_20250811_043,harvard_business_review,HARVARD BUS HBR\.ORG,198,,,
rx_20250811_168,hattie_b_s,^HATTIE B'?S?\y,198,,,
rx_20250811_056,heathrow_t3_budweiser,BUDWEISER T3,198,,,
rx_20250811_026,highjump_chicago,^HIGHJUMPCHICAGO\.ORG,198,,,
rx_20250811_047,hmshost,^HMS ?Host( International)?,198,,,
rx_20250811_057,house_of_blues_chicago,^HOB CHICAGO,198,,,
rx_20250811_053,hunt_and_fish_lga,HUNT (?:&|AND) FISH .*LGA,198,,,
rx_20250811_107,illinois_department_of_revenue,^IL(?:LINOIS)? ?DEP(?:ARTMENT)? ?OF ?REV,198,,,
rx_20250811_110,jumpin_jacks_modernhaus,^JUMPIN JACKS.*MODERNHAU,198,,,
rx_20250811_068,king_of_falafel,King\ of\ Fala?fel,198,,,typo tolerant
rx_20250811_135,layla_s,^PY \*LAYLA'?S,198,,,
rx_20250811_051,le_grand_comptoir_jfk,LE ?GRAND COMPTOIR .*JFK|JFK .*LEGRAND COMPTOIR,198,,,
rx_20250811_066,levy_united_center,LEVY@|LEVY .*BLACKHAWKS,198,,,
rx_20250811_074,linkedin_premium,^LinkedInPreA ,198,,,
rx_20250811_119,liquor_bar_ord,^LIQUOR BAR .*ORD,198,,,
rx_20250811_118,liquorama,^LIQ[OU]ORAMA,198,,,typo tolerant
rx_20250811_120,lock_stock_and_barrel,^LOCK ?STOCK (?:&|AND) BARREL,198,,,
rx_20250811_049,london_eastcheap_street,LONDON EASTCHEAP ST\y,198,,,
rx_20250811_121,lot_d_parking,^LOT D .*PAY ON FOOT,198,,,
rx_20250811_171,lot_d_parking,^LOT [A-Z]\y.*(?:PAY ON FOOT|EPS),198,,,
rx_7a7d9d8257bc,mail_boxes_etc_highbury_and_islington,Mail\ Boxes\ Etc\.\ \(Highbury\ \&\ Islington\)|Mail\ Boxes\ Etc\.\ \(Highbury\ \&amp;\ Islington\),198,,,
rx_20250811_046,manchu_wok_ord,MANCHU WOK .*ORD,198,,,
rx_20250811_122,mariano_s,^MARIANOS\y,198,,,
rx_3895adb1ceab,marks_and_spencer,M&S SIMPLY FOOD|MARKS&SPENCER|MARKS%SPENCER|M&S SIMPLY FOOD - SSP|Marks and Spencer|Marks & Spencer,198,,,
rx_20250811_125,mcdonald_s,^MCDONALDS\y,198,,,
rx_20250811_058,mcgettigan_s,MCG?GETTIGAN'?S,198,,,
rx_20250811_126,mcnamara_airport_mezzanine,^MCNAMARA AIRP.*MEZZA,198,,,
rx_20250811_044,microsoft_store,Microsoft\*Store,198,,,
rx_20250811_067,mochinut_chicago,MOCHINUT.*CHICAGO,198,,,
rx_20250811_127,mr_quiles_mexican_food,^MR\.? QUILES MEXICAN FOO,198,,,
rx_20250811_129,nathan_s,^NATHANS\y,198,,,
rx_20250811_029,ng_immigration_visa,^NGIMMIGRATIONVISA,198,,,
rx_20250811_060,nigerian_conservation_foundation,NIGERIAN CONSERVATION FOU,198,,,
rx_20250811_132,olympus_hills_bowling_lanes,^OLYMPUS HILLS BOWLING LAN,198,,,
rx_20250811_109,palm_restaurant_jfk,(?:^| )PALM REST.*JFK,198,,,
rx_20250811_073,parkchicago,^PARKINGMETER\d+,198,,,Meter vendor code
rx_20250811_133,phebe_s_tavern,^PHEBE'?S? TAVERN,198,,,
rx_20250811_033,plp_events,^P ?L ?P EVENTS,198,,,
rx_20250811_054,publican_ord,PUBLICAN .*ORD,198,,,
rx_20250811_136,rawhide,^RAW ?HIDE\y,198,,,
rx_20250811_013,sainsbury_s,^SAINSBURYS( S/MKTS)?,198,,,
rx_20250811_138,sazerac_phx,^SAZERAC .*PHX,198,,,
rx_20250811_025,shakespeare_s_head,^SHAKESPEARE'?S? HEAD,198,,,
rx_20250811_139,smith_s_marketplace,^SMITH'?S? MRKTPL,198,,,
rx_20250811_017,smyth_the_loyalist,SMYTH( THE LOYALIST)?,198,,,catches PY*/TOCK* Smyth
rx_20250811_146,stagecoach_citylink,^STGCOACH/?CTYLINK,198,,,
rx_20250811_148,super_kilimanjaro_entertainment,^SUPER KILIMANJARO ENT,198,,,
rx_20250811_149,tac_bar_jamaica,^TAC ?BAR JAMAICA,198,,,
rx_20250811_035,taverna_the_domain,TAVERNA .*DOMAIN,198,,,
rx_20250811_063,terra_sol_hospitality,Terra\W*Sol\W*Hospitality,198,,,
rx_20250811_040,tgi_friday_s,^TGI ?FRIDAY'?S?,198,,,
rx_20250811_071,the_bull,^(?:THE )?BULL\y,198,,,
rx_20250811_091,the_bull,^BULL\y,198,,,
rx_20250811_069,the_king_s_head,^(?:THE )?KING'?S HEAD,198,,,
rx_20250811_111,the_king_s_head,^KING'?S? HEAD\y,198,,,
rx_20250811_134,the_porcupine,^PORCUPINE\y,198,,,
rx_20250811_070,the_salisbury,^(?:THE )?SALISBURY\y,198,,,
rx_20250811_137,the_salisbury,^SALISBURY\y,198,,,
rx_20250811_072,the_shops_at_north_bridge_garage,NORTH BRIDGE .*GRA,198,,,garage abbrev
rx_20250811_151,things_remembered_ng,^THINGS REMEMBERED NIG,198,,,
rx_20250811_077,tunde_otukoya_sumup,SumUp[[:space:]]*\*Tunde otukoya,198,,,
rx_20250811_152,twitter_paid,^TWITTER PAID,198,,,
rx_20250811_153,two_grapes,^TWO ?GRAPES,198,,,
rx_20250811_076,udderlicious_sumup,SumUp[[:space:]]*\*UDDERLICIOUS,198,,,alt SumUp
rx_20250811_061,united_airlines,^UA INFLT,198,,,
rx_20250811_150,venture_crawl_afterparty,(?:^THE)?VENTURE ?CRAWL ?AFTERP,198,,,
rx_20250811_039,vodafone_top_up,Vesta Vodafone TopUp,198,,,
rx_20250811_166,wasatch_brew_pub,^WASATCH BREW ?PUB\y,198,,,
rx_20250811_055,whsmith_heathrow_t3,WH ?Smith Heathrow T3,198,,,
rx_20250811_045,wifi_onboard,^WIFIONBOARD,198,,,
rx_20250811_158,world_s_end_finsbury,^WORLDS END \(FINSBU,198,,,
rx_20250811_159,yardi,^YSI\*,198,,,
rx_20250811_065,zaro_s_bakery,ZARO'?S BAKERY,198,,,
rx_20250811_160,zaza_smoke_shop,^ZAZA .*SMOKE SHOP,198,,,
rx_c10e1763a412,google,GOOGLE \*CLOUD|GOOGLE \*(GSUITE|MICROSOFT)|^Google One$|GOOGLE \*MICROSOFT,173,,,
rx_7de058f1e81f,amazon,Amazon\.com\*|AMAZON MKTPL|AMZN Mktp|AMZNMktplace|AMAZON MKTPLACE PMTS,169,,,
rx_27ab1ff7d72f,city_of_austin_parks_and_rec,City\ of\ Austin\ Parks\ \&\ Rec|City\ of\ Austin\ Parks\ \&amp;\ Rec,168,,,
rx_3b9c99d7fa7c,elephant_and_castle_wabash,Elephant\ \&\ Castle\ \(Wabash\)|Elephant\ \&amp;\ Castle\ \(Wabash\),168,,,
rx_5cd6363ab0d2,nola_eatery_and_social_house,Nola\ Eatery\ \&\ Social\ House|Nola\ Eatery\ \&amp;\ Social\ House,166,,,
rx_ebb6ab521d8f,delis_supermarket_and_coffee,Delis\ Supermarket\ \&\ Coffee|Delis\ Supermarket\ \&amp;\ Coffee,164,,,
rx_7b87fe3d653e,mayhem_beer_and_sandwiches,Mayhem\ Beer\ \&\ Sandwiches|Mayhem\ Beer\ \&amp;\ Sandwiches,160,,,
rx_5a3bc103e358,pressure_smoke_and_vape,Pressure\ Smoke\ \&\ Vape|Pressure\ Smoke\ \&amp;\ Vape,154,,,
rx_d4c4a0d655ad,v_and_p_fox_locksmiths,V\ \&\ P\ Fox\ Locksmiths|V\ \&amp;\ P\ Fox\ Locksmiths,154,,,
rx_f7d0a19735f2,lock_stock_and_barrel,"Lock,\ Stock\ \&\ Barrel|Lock,\ Stock\ \&amp;\ Barrel",152,,,
rx_61b48ada96c8,booking_com,BKG\*BOOKING\.COM HOTEL|BOOKING\.COM|Cars on Booking,151,,,
rx_a5704d75a78f,arlo_chicago_fandb,ARLO\ Chicago\ \(F\&B\)|ARLO\ Chicago\ \(F\&amp;B\),150,,,
rx_ed8dda1708ef,hunt_and_fish_lga,Hunt\ \&\ Fish\ \(LGA\)|Hunt\ \&amp;\ Fish\ \(LGA\),150,,,
rx_0fe2e15a1e09,sports_and_diver_club,Sports\ \&\ Diver\ Club|Sports\ \&amp;\ Diver\ Club,150,,,
rx_afbba81bb9c3,mart_parc_parking,CH312 - MART PARC|WABASH-RANDOLPH|MART PARC - OR,147,,,
rx_556c44e4232f,tiny_tapp_and_cafe,Tiny\ Tapp\ \&\ Cafe|Tiny\ Tapp\ \&amp;\ Cafe,144,,,
rx_ed9a12e9d9c4,center_parcs_fandb,Center\ Parcs\ F\&B|Center\ Parcs\ F\&amp;B,142,,,
rx_94e9cf279f98,girl_and_the_goat,Girl\ \&\ The\ Goat|Girl\ \&amp;\ The\ Goat,142,,,
rx_089607b48210,cursor,"CURSOR(,| )? ?AI POWERED IDE|CURSOR USAGE",140,,,
rx_d601c75bce29,g_and_g_atlantic,G\ \&\ G\ Atlantic|G\ \&amp;\ G\ Atlantic,140,,,
rx_182139a60686,the_shops_at_north_bridge_garage,The\ Shops\ at\ North\ Bridge\ \(Garage\),140,,,
rx_349778518c45,beauty_and_essex,Beauty\ \&\ Essex|Beauty\ \&amp;\ Essex,138,,,
rx_4c5ee34d21e0,chicago_special_event_square,Chicago\ Special\ Event\ \(Square\),134,,,
rx_06c206cd62fb,lincoln_park_zoo_concessions,Lincoln\ Park\ Zoo\ \(Concessions\),134,,,
rx_493c23c3a9a5,anglo_african_property_holdings,Anglo\ African\ Property\ Holdings,133,,,
rx_dfc74277afdc,nigerian_conservation_foundation,Nigerian\ Conservation\ Foundation,133,,,
rx_3f5a224762e2,ballie_ballerson_shoreditch,Ballie\ Ballerson\ \(Shoreditch\),132,,,
rx_bb0da39fc14f,bbandk_limited,BB\&K\ Limited|BB\&amp;K\ Limited,132,,,
rx_d91ed1a0d48c,cock_and_lion,Cock\ \&\ Lion|Cock\ \&amp;\ Lion,132,,,
rx_396c252e3e97,illinois_department_of_revenue,Illinois\ Department\ of\ Revenue,132,,,
rx_9a97871549b1,maple_and_ash,Maple\ \&\ Ash|Maple\ \&amp;\ Ash,132,,,
rx_154a6de88c65,super_kilimanjaro_entertainment,Super\ Kilimanjaro\ Entertainment,132,,,
rx_f405ec165edc,uchicago_student_centers_pub,UChicago\ Student\ Centers\ Pub,130,,,
rx_eba992d93dea,aaa,AAA (INSURANCE|ACG|CLUB/INSUR),129,,,
rx_082c4e8ff12c,illinois_secretary_of_state,Illinois\ Secretary\ of\ State,129,,,
rx_668c8d7f81b3,olympus_hills_bowling_lanes,Olympus\ Hills\ Bowling\ Lanes,129,,,
rx_547a93ce3c95,grand_canyon_national_park,Grand\ Canyon\ National\ Park,128,,,
rx_a0ef980c9820,jumpin_jacks_modernhaus,Jumpin\ Jacks\ \(Modernhaus\),128,,,
rx_f7f96700dbb0,macdougal_street_ale_house,MacDougal\ Street\ Ale\ House,128,,,
rx_f3d103d14011,airport_retail_enterprises,Airport\ Retail\ Enterprises,127,,,
rx_73e35d58dcdb,card_interest,INTEREST CHARGE ON PURCHASES,127,,,
rx_772054e5335e,cort_furniture,CORT FURNITURE (RENTAL|RNTL),127,,,
rx_0ad92ab34dd1,le_grand_comptoir_jfk,Le\ Grand\ Comptoir\ \(JFK\),127,,,
rx_7af32e7ff767,martin_s_bar_b_que_joint,Martin's\ Bar\-B\-Que\ Joint,127,,,
rx_75bb7da00f38,mcnamara_airport_mezzanine,McNamara\ Airport\ Mezzanine,127,,,
rx_683584116cdf,uchicago_wolfgang_puck,UChicago\ \-\ Wolfgang\ Puck,127,,,
rx_4abdabeb8905,art_institute_of_chicago,Art\ Institute\ of\ Chicago,126,,,
rx_fe90c841c33c,aspen_place_flagstaff,Aspen\ Place\ \(Flagstaff\),126,,,
rx_5733b16350cd,bilt,BPS\*BILT|BILT( REWARDS)?\y,126,,,
rx_ccaa2764b6e1,mister_wright_fine_wines,Mister\ Wright\ Fine\ Wines,126,,,
rx_0f25d1ca7686,mr_quiles_mexican_food,Mr\.\ Quiles\ Mexican\ Food,126,,,
rx_7a84a055ead8,susie_s_fine_baked_goods,Susie's\ Fine\ Baked\ Goods,126,,,
rx_3321a46baaa6,the_fig_tree_chicago,The\ Fig\ Tree\ \(Chicago\),126,,,
rx_3608223faf20,the_souvlaki_greek_grill,The\ Souvlaki\ Greek\ Grill,126,,,
rx_423453a2d413,broken_english_taco_pub,Broken\ English\ Taco\ Pub,125,,,
rx_479fef7c71e7,ciaran_hughes_zettle,Ciaran\ Hughes\ \(Zettle\),125,,,
rx_b26393704188,forever_sales_enterprise,Forever\ Sales\ Enterprise,125,,,
rx_76d7b854f059,slim_jim_s_liquor_store,Slim\ Jim's\ Liquor\ Store,125,,,
rx_516c46a31e66,things_remembered_ng,Things\ Remembered\ \(NG\),125,,,
rx_5dadb6bc81c7,time_out_market_chicago,Time\ Out\ Market\ Chicago,125,,,
rx_18ed88eb8395,uber,UBER[[:space:]]+\*?TRIP|UBER[[:space:]]+TRIP,125,,,
rx_a074cd4d2703,venture_crawl_afterparty,Venture\ Crawl\ Afterparty,125,,,
rx_989455eeed60,world_s_end_finsbury,World's\ End\ \(Finsbury\),125,,,
rx_676ff04399cc,angel_orient_zettle,Angel\ Orient\ \(Zettle\),124,,,
rx_965bce08b3af,crystal_edge_restaurant,Crystal\ Edge\ Restaurant,124,,,
rx_bb8e10a9b47a,flatiron_coffee_jfk,Flatiron\ Coffee\ \(JFK\),124,,,
rx_6091e4003bc1,four_seasons_adorn_bar,Four\ Seasons\ Adorn\ Bar,124,,,
rx_0e07bd25ccf5,harvard_business_review,Harvard\ Business\ Review,124,,,
rx_5db4f07f58d5,house_of_blues_chicago,House\ of\ Blues\ Chicago,124,,,
rx_4505e01f3034,il_vizietto_di_cortina,Il\ Vizietto\ di\ Cortina,124,,,
rx_68b19aa3066d,london_eastcheap_street,London\ Eastcheap\ Street,124,,,
rx_cbc9fc31b536,palm_restaurant_jfk,Palm\ Restaurant\ \(JFK\),124,,,
rx_11f5752d8f0b,toyota_of_lincoln_park,Toyota\ of\ Lincoln\ Park,124,,,
rx_d6fff5540938,tunde_otukoya_sumup,Tunde\ Otukoya\ \(SumUp\),124,,,
rx_8444df83f750,amazon_prime,^AMAZON PRIME(?!.*VIDEO),123,,,
rx_009bae69d891,august_sun_investments,August\ Sun\ Investments,123,,,
rx_c031ea217aaf,blacklock_canary_wharf,Blacklock\ Canary\ Wharf,123,,,
rx_3b0c67aa7294,frontera_grill_ord,Frontera\ Grill\ \(ORD\),123,,,
rx_9422a0168c97,james_elliott_butchers,James\ Elliott\ Butchers,123,,,
rx_8cfe16e6f541,nairobi_street_kitchen,Nairobi\ Street\ Kitchen,123,,,
rx_0eee884aad45,o_leary_s_public_house,O'Leary's\ Public\ House,123,,,
rx_4a2593cb7cf9,phoenicia_mediterranean,Phoenicia\ Mediterranean,123,,,
rx_f257a719f773,salt_lake_roasting_co,Salt\ Lake\ Roasting\ Co,123,,,
rx_ee53bf1d783e,taverna_the_domain,Taverna\ \-\ The\ Domain,123,,,
rx_234ac20fdb3a,chandarana_supermarket,Chandarana\ Supermarket,122,,,
rx_a37f3037d5ce,gloria_s_seafood_city,Gloria's\ Seafood\ City,122,,,
rx_0fc59e94ddab,ground_central_coffee,Ground\ Central\ Coffee,122,,,
rx_f49da7b66653,heathrow_t3_budweiser,Heathrow\ T3\ Budweiser,122,,,
rx_babd7587e5d6,le_meridien_mina_seyahi,LE MERIDIEN MINA SEYAHI,122,,,
rx_2a259b50eff1,mattori_s_open_market,Mattori's\ Open\ Market,122,,,
rx_12ce3fb91e5a,netflix,"^NETFLIX|NETFLIX, INC\.",122,,,
rx_a0c2f6d4c61e,prohibition_barber_co,Prohibition\ Barber\ Co,122,,,
rx_17eb4a4cb231,smyth_the_loyalist,Smyth\ /\ The\ Loyalist,122,,,
rx_6c68a057e663,stagecoach_citylink,Stagecoach\ /\ Citylink,122,,,
rx_0c386ab8f408,terra_sol_hospitality,Terra\ Sol\ Hospitality,122,,,
rx_5d299092614f,udderlicious_sumup,Udderlicious\ \(SumUp\),122,,,
rx_d487041d4214,white_rabbit_ventures,White\ Rabbit\ Ventures,122,,,
rx_72209e967f38,andy_s_greek_taverna,Andy's\ Greek\ Taverna,121,,,
rx_34b207864566,bottega_prosecco_bar,Bottega\ Prosecco\ Bar,121,,,
rx_5e8576379224,caff_nero,CAFFE NERO|Caff.? Nero,121,,,
rx_56b7e3312c88,goose_island_ord,Goose\ Island\ \(ORD\),121,,,
rx_6b1989489ec2,intelligentsia_coffee,Intelligentsia\ Coffee,121,,,
rx_e75ac5a4b7db,maxzi_the_good_food,Maxzi\ The\ Good\ Food,121,,,
rx_af093d247980,now_or_never_coffee,Now\ or\ Never\ Coffee,121,,,
rx_cad7620b98f4,the_drake_restaurant,The\ Drake\ Restaurant,121,,,
rx_f1b9bc7c5f81,24_seven_mini_mart,24\ Seven\ Mini\ Mart,120,,,
rx_697b6eee6f19,60_e_lake_street,60\ E\.\ Lake\ Street,120,,,
rx_a0d00b544750,asmara_entertainment,Asmara\ Entertainment,120,,,
rx_008db25a352b,bla_bla_beach_club,Bla\ Bla\ Beach\ Club,120,,,
rx_32a4386082a8,divvy_bikes,DIVVYBI\*SUBSCRIPTION,120,,,
rx_9b25f0e38a9a,garfield_super_save,Garfield\ Super\ Save,120,,,
rx_5505e47177de,grand_canyon_maswik,Grand\ Canyon\ Maswik,120,,,
rx_9e9d3a12d328,market_street_grill,Market\ Street\ Grill,120,,,
rx_e3f62c08f7fb,mochinut_chicago,Mochinut\ \(Chicago\),120,,,
rx_c67493b9c479,ng_immigration_visa,NG\ Immigration\ Visa,120,,,
rx_34027abdd614,openai,OPENAI|CHATGPT SUBSCR,120,,,
rx_93aad6a4eb75,original_roma_pizza,Original\ Roma\ Pizza,120,,,
rx_1764ce8c8fba,rocky_sporting_club,Rocky\ Sporting\ Club,120,,,
rx_089ad92f891d,spanish_court_hotel,Spanish\ Court\ Hotel,120,,,
rx_96a42163516d,the_gallivan_center,The\ Gallivan\ Center,120,,,
rx_d00b34e64f10,white_horse_spirits,White\ Horse\ Spirits,120,,,
rx_8622b6b1a954,whsmith_heathrow_t3,WHSmith\ Heathrow\ T3,120,,,
rx_ecf6a581afb7,11_plc_hospitality,11\ Plc\ Hospitality,119,,,
rx_88affd19db85,abruzzo_ewr_c1,Abruzzo\ \(EWR\ C1\),119,,,
rx_5ce505eb26b3,blue_bottle_coffee,Blue\ Bottle\ Coffee,119,,,
rx_35331b406d19,c_est_la_vie_cafe,C'est\ La\ Vie\ Cafe,119,,,
rx_a705af22aae8,circle_off_licence,Circle\ Off\ Licence,119,,,
rx_0dbbff98d6e2,damn_gravity_books,Damn\ Gravity\ Books,119,,,
rx_356463b32435,dines_brockwell,Dines\ \(Brockwell\),119,,,
rx_c91f424770af,east_village_pizza,East\ Village\ Pizza,119,,,
rx_bcde8ec4e085,google_one,^GOOGLE \*Google One,119,,,
rx_a17feacc8a5a,hudson_london_taxi,Hudson\ London\ Taxi,119,,,
rx_b7121a39daef,ivy_granary_square,Ivy\ Granary\ Square,119,,,
rx_96cd17fd7637,liquor_bar_ord,Liquor\ Bar\ \(ORD\),119,,,
rx_aa17288690ac,manchu_wok_ord,Manchu\ Wok\ \(ORD\),119,,,
rx_2fed05c9e9ce,salem_express_limo,Salem\ Express\ Limo,119,,,
rx_cba434ad7349,smith_s_marketplace,Smith's\ Marketplace,119,,,
rx_e237be0e9bf6,the_berkshire_room,The\ Berkshire\ Room,119,,,
rx_01f9627845aa,west_loop_cleaners,West\ Loop\ Cleaners,119,,,
rx_1cf64f467942,air_margaritaville,Air\ Margaritaville,118,,,
rx_acee888e7633,alamo_rent_a_car,Alamo\ Rent\ A\ Car,118,,,
rx_9df63ce1c864,city_of_flagstaff,City\ of\ Flagstaff,118,,,
rx_e16ca3f01a48,emporio_del_grano,Emporio\ del\ Grano,118,,,
rx_ea0b14c5ee36,fairgrounds_coffee,Fairgrounds\ Coffee,118,,,
rx_a0cd11fee349,hole_in_the_wall,Hole\ In\ The\ Wall,118,,,
rx_da7511dcf796,jw_marriott_marquis,MARRIOTT JW MARQUIS,118,,,
rx_3683b103e183,metropolis_parking,Metropolis\ Parking,118,,,
rx_a28f045b032f,neal_s_yard_dairy,Neal's\ Yard\ Dairy,118,,,
rx_4e6696d9b3b8,philippe_conticini,Philippe\ Conticini,118,,,
rx_f0b8ab565b48,shakespeare_s_head,Shakespeare's\ Head,118,,,
rx_68b5557550e1,spotify,^Spotify |^SPOTIFY ,118,,,
rx_0783813fe5c2,urban_pine_eatery,Urban\ Pine\ Eatery,118,,,
rx_96bb3d1eb4e2,verizon_wireless,VZWRLSS\*APOCC VISN,118,,,
rx_81aa5bf08fa3,west_loop_pic,West\ Loop\ \-\ PIC,118,,,
rx_ddc85c333ed4,american_airlines,American\ Airlines,117,,,
rx_fbb210a7a379,bar_partners_inc,Bar\ Partners\ Inc,117,,,
rx_903541e4e572,beta_gamma_sigma,Beta\ Gamma\ Sigma,117,,,
rx_f00e8064bdab,camden_road_arms,Camden\ Road\ Arms,117,,,
rx_ba2a8cb1ae0f,draco_restaurants,Draco\ Restaurants,117,,,
rx_38bffca3ecfe,efay_rent_a_car,EFAY\ Rent\ A\ Car,117,,,
rx_9d26ce8d9ca9,good_night_sonny,Good\ Night\ Sonny,117,,,
rx_592371d72b83,guggenheim_museum,Guggenheim\ Museum,117,,,
rx_68b47819f53f,havana_restaurant,Havana\ Restaurant,117,,,
rx_7f1aa9a3f9ac,joong_boo_market,Joong\ Boo\ Market,117,,,
rx_a948a680ae26,la_vita_e_bella,La\ Vita\ e\ Bella,117,,,
rx_4f5e4b12b86a,levy_united_center,LEVY@ .*BLACKHAWKS,117,,,
rx_a2868f27d92b,mandarin_oriental,Mandarin\ Oriental,117,,,
rx_72108b4119db,morpheus_ventures,Morpheus\ Ventures,117,,,
rx_b8b09d638091,old_coffee_house,Old\ Coffee\ House,117,,,
rx_cf94a92ef196,picnic_square,Picnic\ \(Square\),117,,,
rx_37c7d315811d,red_rock_brewing,Red\ Rock\ Brewing,117,,,
rx_aa69382a9a2a,roros_co_limited,Roros\ Co\ Limited,117,,,
rx_eee0427945e1,skullfade_barbers,Skullfade\ Barbers,117,,,
rx_a6da2459558b,thai_street_food,Thai\ Street\ Food,117,,,
rx_e634b1232caa,the_abbey_resort,The\ Abbey\ Resort,117,,,
rx_4254150ddaf7,uchicago_medicine,UChicago\ Medicine,117,,,
rx_db9f6a68dba7,wasatch_brew_pub,Wasatch\ Brew\ Pub,117,,,
rx_ec2215ae76d1,west_loop_market,West\ Loop\ Market,117,,,
rx_234aeed49cf5,wildcraft_kitchen,Wildcraft\ Kitchen,117,,,
rx_373e1a24a0d2,arden_barbershop,Arden\ Barbershop,116,,,
rx_b4d7ab5a3948,atandt,ATT\*BILL PAYMENT,116,,,
rx_452dfde917fc,bert_s_car_wash,Bert's\ Car\ Wash,116,,,
rx_3a33328bdc77,beyond_the_pale,Beyond\ the\ Pale,116,,,
rx_b8dcf04ef893,city_of_chicago,City\ of\ Chicago,116,,,
rx_cd6b15c31326,cityfront_garage,Cityfront\ Garage,116,,,
rx_8c9fb121e67f,delta_air_lines,Delta\ Air\ Lines,116,,,
rx_f479ca5a8f6a,digitalocean,DIGITALOCEAN\.COM,116,,,
rx_10edab8c7ee2,euphorium_bakery,Euphorium\ Bakery,116,,,
rx_f9f7f643ee58,gail_s_islington,GAIL's\ Islington,116,,,
rx_7754caf9b923,gioia_ristorante,Gioia\ Ristorante,116,,,
rx_18eb4bc14e78,godaddy,DNH\*GODADDY\.COM,116,,,
rx_04861166ec58,heathrow_express,^HEATHROW EXPRESS,116,,,
rx_373966b75b5b,highjump_chicago,HighJump\ Chicago,116,,,
rx_f131b845c33a,king_of_falafel,King\ of\ Falafel,116,,,
rx_d4277580c435,linkedin_premium,LinkedIn\ Premium,116,,,
rx_1023166058de,logs_and_embers,Logs\ and\ Embers,116,,,
rx_c46cac27a989,niu_technologies,NIU\ Technologies,116,,,
rx_7f76d46dc01d,nw1_dental_care,NW1\ Dental\ Care,116,,,
rx_f03ce0827644,pdl_coffee_co,PDL\ Coffee\ Co\.,116,,,
rx_37f74d3961e4,publican_ord,Publican\ \(ORD\),116,,,
rx_61dd14a10e16,pure_dental_spa,Pure\ Dental\ Spa,116,,,
rx_c09e8db2e904,red_door_saloon,Red\ Door\ Saloon,116,,,
rx_dd9b89208c3e,renee_malls_ltd,Renee\ Malls\ Ltd,116,,,
rx_217d8859a0d4,stage_door_deli,Stage\ Door\ Deli,116,,,
rx_7eb825f3bc87,tac_bar_jamaica,TAC\ Bar\ Jamaica,116,,,
rx_58cf592018aa,the_black_penny,The\ Black\ Penny,116,,,
rx_0a9e97501703,the_case_centre,The\ Case\ Centre,116,,,
rx_34281eeadb45,the_king_s_head,The\ King's\ Head,116,,,
rx_8b8ef26a4f4a,twitter_paid,Twitter\ \(Paid\),116,,,
rx_3617d0648823,vodafone_top_up,Vodafone\ Top\ Up,116,,,
rx_e9c1e5764681,zaza_smoke_shop,ZaZa\ Smoke\ Shop,116,,,
rx_501020e3e341,alliance_bakery,Alliance\ Bakery,115,,,
rx_5f1f03b74018,atlanta_airport,Atlanta\ Airport,115,,,
rx_f2470eef3f16,banger_s_austin,Banger's\ Austin,115,,,
rx_13bda8ef8a9f,big_time_boots,Big\ Time\ Boots,115,,,
rx_20bb2837a709,bob_bob_ricard,Bob\ Bob\ Ricard,115,,,
rx_a298a05bbd13,bookstore_st840,Bookstore\ ST840,115,,,
rx_978895914191,british_airways,British\ Airways,115,,,
rx_d273752270d5,bubbles_ord,Bubbles\ \(ORD\),115,,,
rx_aaef8e8763b9,duck_duck_goat,Duck\ Duck\ Goat,115,,,
rx_9fcd7652f79c,eastside_amstar,Eastside\ Amstar,115,,,
rx_96393509925e,gnocchi_on_9th,Gnocchi\ on\ 9th,115,,,
rx_794188f20819,jfk_beacon_bar,JFK\ Beacon\ Bar,115,,,
rx_f0ce73273755,lake_anesthesia,Lake\ Anesthesia,115,,,
rx_823e4e40ba3e,lange_s_liquors,Lange's\ Liquors,115,,,
rx_9189935eb08c,mellow_mushroom,Mellow\ Mushroom,115,,,
rx_2d6374045db9,microsoft_store,Microsoft\ Store,115,,,
rx_ac1ec3e53326,mobifix_gadgets,Mobifix\ Gadgets,115,,,
rx_2d4559b1f2c4,modernhaus_soho,Modernhaus\ Soho,115,,,
rx_2db4ec166261,mta_subway,^MTA\*NYCT PAYGO,115,,,
rx_d4b5f50e2597,rifugio_nuvolau,Rifugio\ Nuvolau,115,,,
rx_fc311f226a2e,sazerac_phx,Sazerac\ \(PHX\),115,,,
rx_8cb099d52550,smithfield_hall,Smithfield\ Hall,115,,,
rx_860f50912cce,sofitel_new_york,SOFITEL NEW YORK,115,,,
rx_3b2548b18290,strawberry_hill,Strawberry\ Hill,115,,,
rx_a8f1aa056e3c,the_river_cafe,The\ River\ Cafe,115,,,
rx_90df240cae59,united_airlines,United\ Airlines,115,,,
rx_adcb1d4a53ab,apple,APPLE\.COM/BILL,114,,,
rx_f2aa6a2d5b50,ben_s_pizzeria,Ben's\ Pizzeria,114,,,
rx_8fed3057c002,casa_de_sonia,Casa\ de\ Sonia,114,,,
rx_b3e1c2bd8f55,dine_it_4ward,Dine\-It\-4ward,114,,,
rx_551bb19455bd,dylan_murphy_s,Dylan\ Murphy's,114,,,
rx_224c6b63cd6d,farmair_market,FarmAir\ Market,114,,,
rx_4576fdf55f09,foxtrot_market,Foxtrot\ Market,114,,,
rx_08bceb4efd35,gibsons_hugo_s,Gibsons\ Hugo's,114,,,
rx_e5cdfb247099,gibsons_italia,Gibsons\ Italia,114,,,
rx_630b6eb09890,green_pig_pub,Green\ Pig\ Pub,114,,,
rx_6b1f1a1f71c6,k1_klub_house,K1\ Klub\ House,114,,,
rx_1f5714b310fe,liberty_london,Liberty\ London,114,,,
rx_20250811_115,liberty_london,^LIBERTY(?! MUTUAL)\y,114,,,
rx_c77c9ee09619,lot_d_parking,Lot\ D\ Parking,114,,,
rx_3de2691934cf,mb_hospitality,MB\ Hospitality,114,,,
rx_7e80de30b568,misfits_market,Misfits\ Market,114,,,
rx_13f41414be41,my_place_soho,My\ Place\ Soho,114,,,
rx_930527c8cdf7,nuts_on_clark,Nuts\ on\ Clark,114,,,
rx_a03bed00a67a,o_hare_parking,O'Hare\ Parking,114,,,
rx_45283def19c0,pdl_barbershop,PDL\ Barbershop,114,,,
rx_fbc5a4d24d9d,phebe_s_tavern,Phebe's\ Tavern,114,,,
rx_83d6d9f6ce8f,pickl_catering,Pickl\ Catering,114,,,
rx_337a0ce8aaf9,pret_a_manger,Pret\ A\ Manger,114,,,
rx_2a5a48f0cd4b,restaurants_misc,^TST[\*-]|^TST-,114,,,
rx_e7eea9217ec1,the_duck_hook,The\ Duck\ Hook,114,,,
rx_760b92c1e97e,the_east_pole,The\ East\ Pole,114,,,
rx_d771196069b1,the_enterprise,The\ Enterprise,114,,,
rx_c21ce1dffe2f,total_energies,Total\ Energies,114,,,
rx_26dfcc96d887,totes_isotoner,Totes\ Isotoner,114,,,
rx_cc3c34cfbb85,trademark_hotel,TRADEMARK HOTEL,114,,,
rx_0fe7435ebbda,uchicago_gifts,UChicago\ Gifts,114,,,
rx_5f29c7b961ff,unseen_nairobi,Unseen\ Nairobi,114,,,
rx_165e546417bd,whiskey_street,Whiskey\ Street,114,,,
rx_bbe235213b14,9th_sky_high,9th\ Sky\ High,113,,,
rx_1134400488c6,auntie_anne_s,Auntie\ Anne's,113,,,
rx_503db9416644,benita_bakery,Benita\ Bakery,113,,,
rx_656bc72d5f75,bloomingdale_s,Bloomingdale's,113,,,
rx_2b30b17afc40,brindisa_soho,Brindisa\ Soho,113,,,
rx_cdcfe5e4318e,canal_express,Canal\ Express,113,,,
rx_020159c31f25,chicago_touch,Chicago\ Touch,113,,,
rx_d3aecca2d981,cofco_limited,COFCO\ Limited,113,,,
rx_584f22681a79,coffee_garden,Coffee\ Garden,113,,,
rx_cd092bfceb79,grove_ord,Grove\ \(ORD\),113,,,
rx_8c08133f192c,house_of_yes,House\ of\ Yes,113,,,
rx_7dcc0c8e1b32,kenya_airways,Kenya\ Airways,113,,,
rx_3a64c86122a0,kilis_kitchen,Kilis\ Kitchen,113,,,
rx_9cecb963b0f6,levain_bakery,Levain\ Bakery,113,,,
rx_32701afb7bea,licensed_taxi,Licensed\ Taxi,113,,,
rx_1d16a241da3b,live_lean_rx,Live\ Lean\ RX,113,,,
rx_57b738b8ebdb,lyric_theatre,Lyric\ Theatre,113,,,
rx_4fa988f6644c,nashrin_matin,Nashrin\ Matin,113,,,
rx_405f198dc336,parking_meter,Parking\ Meter,113,,,
rx_5e0aa2431b9b,peet_s_coffee,Peet's\ Coffee,113,,,
rx_c012105350c0,ssp_nederland,SSP\ Nederland,113,,,
rx_873c3c63ad57,summit_retail,SUMMIT\ Retail,113,,,
rx_e8cae05504d2,tfl,^TFL TRAVEL CH,113,,,
rx_5d0a84e75779,the_jackalope,The\ Jackalope,113,,,
rx_d208b8f16b91,the_porcupine,The\ Porcupine,113,,,
rx_4cd8c1f793e0,the_salisbury,The\ Salisbury,113,,,
rx_98c4131f423e,uinta_brewing,Uinta\ Brewing,113,,,
rx_8be4dc5f3d73,uncorked_2017,Uncorked\ 2017,113,,,
rx_12644d866e66,whiskey_river,Whiskey\ River,113,,,
rx_678fd74b44d8,wolfgang_puck,Wolfgang\ Puck,113,,,
rx_b2d5c48da2ef,zaro_s_bakery,Zaro's\ Bakery,113,,,
rx_59c4d5e87af1,airbnb,^AIRBNB(\*| ),112,,,
rx_0b870e90603e,blind_barber,Blind\ Barber,112,,,
rx_60a8e5a0afce,booth_groups,Booth\ Groups,112,,,
rx_ca5fcb45ac30,camden_local,Camden\ Local,112,,,
rx_91b29e760fb1,commons_club,Commons\ Club,112,,,
rx_285e44c1b166,et_car_hire,ET\ Car\ Hire,112,,,
rx_b0540ea0dfb5,fluidfreeride,FluidFreeRide,112,,,
rx_1eba951192e2,gift_baskets,Gift\ Baskets,112,,,
rx_d01601d40986,golden_sands,Golden\ Sands,112,,,
rx_f20beae0621a,granger_co,Granger\ Co\.,112,,,
rx_cbea0770ee18,hasib_coffee,Hasib\ Coffee,112,,,
rx_85bc6940adce,hill_country,Hill\ Country,112,,,
rx_60430acad74f,hoppers_soho,Hoppers\ Soho,112,,,
rx_6e3b563e3748,interpark,INTERPARK LLC,112,,,
rx_213453aa53df,kebab_empire,Kebab\ Empire,112,,,
rx_d1ede857b15b,midtown_cafe,Midtown\ Cafe,112,,,
rx_5296a476afbf,p_bar_2,P\ \-\ Bar\ 2,112,,,
rx_6397a72c4e9d,p_bar_3,P\ \-\ Bar\ 3,112,,,
rx_b6b632275aed,prime_video,^Prime Video ,112,,,
rx_f870d2b4011c,simply_fresh,Simply\ Fresh,112,,,
rx_f289e90abc18,tgi_friday_s,TGI\ Friday's,112,,,
rx_ac3dea8b423c,thames_water,Thames\ Water,112,,,
rx_7b9a2bc0a287,trg_holdings,TRG\ Holdings,112,,,
rx_3c1d0185c0a8,uber_eats,UBER[[:space:]]+\*EATS,112,,,
rx_e4003794024d,vinegar_yard,Vinegar\ Yard,112,,,
rx_b1739422f551,waterloo_tap,Waterloo\ Tap,112,,,
rx_ef51efabce24,wifi_onboard,WiFi\ Onboard,112,,,
rx_e52cdcff8202,yardi,\yYSI\y|YARDI,112,,,
rx_fcdb7a67e97e,4b_adekunle,4B\ Adekunle,111,,,
rx_b0f00a189226,bait_maryam,Bait\ Maryam,111,,,
rx_b4a5df6e8ca8,careem_food,Careem\ Food,111,,,
rx_383974c15cae,careem_quik,Careem\ Quik,111,,,
rx_a109362c3df4,flashdancers,FlashDancers,111,,,
rx_1f10e1c971e7,jin_bo_law,Jin\ Bo\ Law,111,,,
rx_66635ecfb6b9,layla_grill,Layla\ Grill,111,,,
rx_9eb12b4ac442,le_colonial,Le\ Colonial,111,,,
rx_20acc1aa8b83,london_taxi,London\ Taxi,111,,,
rx_fa0e136eda1b,mattheessens,Mattheessens,111,,,
rx_ee71c9bb66ab,mcgettigan_s,McGettigan's,111,,,
rx_792aa10189a8,noodles_etc,Noodles\ Etc,111,,,
rx_ffa20a398015,parkchicago,PARK CHICAGO,111,,,
rx_960290b6ed60,send_coffee,Send\ Coffee,111,,,
rx_5c49f15beac3,slc_parking,SLC\ Parking,111,,,
rx_5b9d40b8cf77,tech_social,Tech\ Social,111,,,
rx_bdc938af7867,the_palomar,The\ Palomar,111,,,
rx_3fe56b3cb7bf,uber_one,UBER[[:space:]]+\*ONE,111,,,
rx_3d8a73cda0cc,white_horse,White\ Horse,111,,,
rx_0423aeea8e60,whole_foods,Whole\ Foods,111,,,
rx_127784d1d2d9,zona_cocina,Zona\ Cocina,111,,,
rx_597e0cd1e39d,angel_vape,Angel\ Vape,110,,,
rx_64ebe4ff7c38,blackwell_s,Blackwell's,110,,,
rx_5b7ab1c7b2ba,camden_eye,Camden\ Eye,110,,,
rx_9c1a73947ca2,curb_taxi,CURB .*TAXI,110,,,
rx_27c21339a956,dubai_taxi,Dubai\ Taxi,110,,,
rx_a99ddf55beea,eko_hotels,Eko\ Hotels,110,,,
rx_e3a5b0d00c30,fitzbillies,Fitzbillies,110,,,
rx_b4821aead396,ground_bar,Ground\ Bar,110,,,
rx_2f2ba1b17fd5,hana_group,Hana\ Group,110,,,
rx_51ed28138f08,hattie_b_s,Hattie\ B's,110,,,
rx_e0c93eb17ee7,holly_bush,Holly\ Bush,110,,,
rx_ce1b479b1b00,hotel_fraye,HOTEL FRAYE,110,,,
rx_905fdd6a0ccc,john_lewis,John\ Lewis,110,,,
rx_730ab0f438a1,kasa_living,Kasa Living,110,,,
rx_e72a8bad4f70,la_colombe,La\ Colombe,110,,,
rx_c72e1b6cb740,laundryheap,Laundryheap,110,,,
rx_a3a631683116,luke_bryan,Luke\ Bryan,110,,,
rx_e9a1c770697e,nohea_cafe,Nohea\ Cafe,110,,,
rx_6f1b7fcb4c3a,plp_events,PLP\ Events,110,,,
rx_7b5597923ba1,printwithme,PRINTWITHME,110,,,
rx_b145af460e9a,render,RENDER\.COM,110,,,
rx_0b0c1f0cbc96,sainsbury_s,Sainsbury's,110,,,
rx_f269be6a3511,seoul_taco,Seoul\ Taco,110,,,
rx_cee239986647,smoke_post,Smoke\ Post,110,,,
rx_40c95ed120f4,two_grapes,Two\ Grapes,110,,,
rx_672ddea6ad9d,wired_co,Wired\ Co\.,110,,,
rx_525a48c355c5,zenbusiness,ZenBusiness,110,,,
rx_4d3304084e3f,cafe_blue,Cafe\ Blue,109,,,
rx_7673d4b7effc,cafe_tola,Cafe\ Tola,109,,,
rx_2ff492850c5d,cars_taxi,Cars\ Taxi,109,,,
rx_10943fc6dd1a,elevenlabs,ElevenLabs,109,,,
rx_d8744d77ea02,eventbrite,Eventbrite,109,,,
rx_af269064ca36,flats_fix,Flats\ Fix,109,,,
rx_83e0240189ab,grand_cru,Grand\ Cru,109,,,
rx_0a11dd12cbf7,helix_pay,Helix\ Pay,109,,,
rx_e749771c97b4,homeburger,Homeburger,109,,,
rx_54503f61ec86,hugo_boss,Hugo\ Boss,109,,,
rx_3349d5684b5f,hustlesasa,HustleSasa,109,,,
rx_386db65970f1,illinois_tollway,IL TOLLWAY,109,,,
rx_12daa8568b9b,jack_taxi,Jack\ Taxi,109,,,
rx_ee2690b3b724,kenya_eta,Kenya\ eTA,109,,,
rx_64964e7d170e,mcdonald_s,McDonald's,109,,,
rx_2883e8965600,mta_lirr,^MTA\*LIRR,109,,,
rx_8928fa44cdd2,muze_club,Muze\ Club,109,,,
rx_39e4e168be07,nyc_taxi,^NYC TAXI ,109,,,
rx_aa849bbbcbea,pera_soho,Pera\ Soho,109,,,
rx_f4afbd960b5c,shoreditch,Shoreditch,109,,,
rx_56ac3ae79a92,sock_city,Sock\ City,109,,,
rx_9577597f6805,sweetgreen,Sweetgreen,109,,,
rx_0d2edbe45880,the_dutch,The\ Dutch,109,,,
rx_ad0572d5ecaa,toad_hall,Toad\ Hall,109,,,
rx_98a1bceb5bfc,americano,Americano,108,,,
rx_4ccd44bf4d37,athletico,Athletico,108,,,
rx_c64b989045ee,bao_soho,BAO\ Soho,108,,,
rx_41cfcf92f367,carrefour,Carrefour,108,,,
rx_9c7cc7227b7b,circle_k,Circle\ K,108,,,
rx_777d88cbc239,cmt_taxi,CMT\ Taxi,108,,,
rx_421676426352,coursera,COURSRA\*,108,,,
rx_361409c3ebf6,deliveroo,Deliveroo,108,,,
rx_ac3d84068e7f,federales,Federales,108,,,
rx_aedf15de57d5,iconoclad,Iconoclad,108,,,
rx_50c8ef5a50d1,instacart,Instacart,108,,,
rx_daf59f392927,limitless,Limitless,108,,,
rx_ca1045237e16,liquorama,Liquorama,108,,,
rx_ec8f48190948,lululemon,Lululemon,108,,,
rx_06ff72b48fdd,mariano_s,Mariano's,108,,,
rx_1480b6d3cb3b,starbucks,Starbucks,108,,,
rx_e5da7ea81796,the_bull,The\ Bull,108,,,
rx_824aa587c31e,walgreens,Walgreens,108,,,
rx_838cc1c83d44,worthwild,Worthwild,108,,,
rx_a7f2764b71c8,artcaffe,Artcaffe,107,,,
rx_76a0c9bf6633,card_late_fee,LATE FEE,107,,,
rx_d87729bbb26f,doc_b_s,Doc\ B's,107,,,
rx_672346cc1cf1,domino_s,Domino's,107,,,
rx_105809202457,doordash,DoorDash,107,,,
rx_acbacbeaff51,emirates,Emirates,107,,,
rx_7d873edb59e1,lemonade,Lemonade,107,,,
rx_cffe7b2004cd,luma_ai,Luma\ AI,107,,,
rx_4639a49c6998,madewell,Madewell,107,,,
rx_8ea5e106d32f,nathan_s,Nathan's,107,,,
rx_9c662142c0af,openmove,OpenMove,107,,,
rx_32f80e2d728b,parkwhiz,ParkWhiz,107,,,
rx_9502a493a43b,shotshak,Shotshak,107,,,
rx_354027f99fff,spothero,SpotHero,107,,,
rx_eb90be5cb2d5,spuntino,Spuntino,107,,,
rx_35a6538390ff,tip_jar,Tip\ Jar,107,,,
rx_257b6c597990,waitrose,Waitrose,107,,,
rx_04d1c3e4b50e,binny_s,Binny's,106,,,
rx_cf00d4e332cc,bp,^BP#\d+,106,,,
rx_0da17316351e,dunkin,Dunkin',106,,,
rx_c195e1711bd4,easyjet,easyJet,106,,,
rx_3179ac14bfe6,exxon,^EXXON ,106,,,
rx_531d6b7772fe,hmshost,HMSHost,106,,,
rx_bed845fa9d33,hub_51,Hub\ 51,106,,,
rx_188115898882,layla_s,Layla's,106,,,
rx_ee123392559a,new_york_times,NYTimes,106,,,
rx_5c583c522313,primark,Primark,106,,,
rx_07e676c78209,rawhide,Rawhide,106,,,
rx_89f44f1a603c,ssp_uk,SSP\ UK,106,,,
rx_11550b1d61df,uc_hub,UC\ Hub,106,,,
rx_1ae84d0a413a,wayfair,Wayfair,106,,,
rx_9566abdf831e,weekday,Weekday,106,,,
rx_a6871eb2b3c5,xs_bar,XS\ Bar,106,,,
rx_c28cb4286f45,arby_s,Arby's,105,,,
rx_a97f9f629e0b,careem,Careem,105,,,
rx_d80f37dd399b,co_op,Co\-op,105,,,
rx_9ac259feae41,eataly,Eataly,105,,,
rx_b3d70fecfeca,fedex,^FEDEX,105,,,
rx_d7060704b3f1,macy_s,Macy's,105,,,
rx_a816843e6dcd,notion,Notion,105,,,
rx_0ad64c8e3e6c,paddle,Paddle,105,,,
rx_fda1cfb00772,pianos,Pianos,105,,,
rx_9f85c9687f8c,stickk,stickK,105,,,
rx_86c521748f08,target,Target,105,,,
rx_78269fffeb45,tavily,Tavily,105,,,
rx_a58db0b7eaa9,texaco,Texaco,105,,,
rx_13331d0cda54,ventra,Ventra,105,,,
rx_3673a8fb0206,bocas,Bocas,104,,,
rx_0cd931befeb6,boots,Boots,104,,,
rx_bfc6eb4bdc7b,flask,Flask,104,,,
rx_8062abf41403,oseyo,Oseyo,104,,,
rx_b5b9b5f52160,pylos,Pylos,104,,,
rx_33b63b10046c,rocca,Rocca,104,,,
rx_67027415dbaf,ryman,Ryman,104,,,
rx_49d27edf1cf0,steam,Steam,104,,,
rx_779457010a1b,tesco,Tesco,104,,,
rx_413599a16d49,etsy,Etsy,103,,,
rx_f407040e0baf,ikea,IKEA,103,,,
rx_fdb8ea43f9e8,lime,Lime,103,,,
rx_c01fd9901834,lyft,Lyft,103,,,
rx_9d7d999fc7b4,next,Next,103,,,
rx_9a8111d740ab,nike,Nike,103,,,
rx_1d90966af850,zuma,Zuma,103,,,
rx_b72e3667f2f9,cvs,CVS,102,,,
rx_b9457a948863,eva,EVA,102,,,
rx_45fe0168fbb9,kfc,KFC,102,,,
rx_59e0e85a7810,ova,Ova,102,,,
rx_2f849ffa1a25,pga,PGA,102,,,
rx_ebde4629eb37,xai,xAI,102,,,
rx_faff1193bc48,ee,EE,101,,,
rx_fix_001,leye_rpm_steak,^(?:TST\*?[[:space:]]*)?LEYE[[:space:]]*[-–][[:space:]]*RPM[[:space:]]*STEAK,199,,,
rx_fix_002,black_barrel_tavern,^(?:TST\*?[[:space:]]*)?BLACK[[:space:]]*BARREL[[:space:]]*TAVERN,199,,,
rx_fix_003,galit,^(?:TST\*?[[:space:]]*)?GALIT\y,199,,,
rx_fix_004,aris,^(?:TST\*?[[:space:]]*)?ARIS\y,199,,,
rx_fix_005,warlord,^(?:TST\*?[[:space:]]*)?WARLORD\y,199,,,
rx_fix_006,hogsalt_bavettes,^(?:TST\*?[[:space:]]*)?HOGSALT[[:space:]]*[-–]?[[:space:]]*BAVETTE'?S?,199,,,
rx_fix_007,hoexters_new,^(?:TST\*?[[:space:]]*)?HOEXTERS?\y,199,,,
rx_fix_008,cruz_blanca,^(?:TST\*?[[:space:]]*)?CRUZ[[:space:]]*BLANCA,199,,,
rx_fix_009,boeufhaus,^(?:TST\*?[[:space:]]*)?BOEUFHAUS,199,,,
rx_fix_010,the_kerryman_chicago,^(?:TST\*?[[:space:]]*)?THE[[:space:]]*KERRYMAN\y,199,,,
rx_fix_011,5_rabanitos_restaura,^(?:TST\*?[[:space:]]*)?5[[:space:]]*RABANITOS,199,,,
rx_fix_012,grotta_di_fuoco,^(?:TST\*?[[:space:]]*)?GROTTA[[:space:]]*DI[[:space:]]*FUOCO,199,,,
rx_fix_013,proxi,^(?:TST\*?[[:space:]]*)?PROXI\y,199,,,
rx_fix_014,mokyo,^(?:TST\*?[[:space:]]*)?MOKYO\y,199,,,
rx_fix_015,boqueria_chicago,^(?:TST\*?[[:space:]]*)?BOQUERIA\y,199,,,
rx_fix_016,table_donkey_and_st,^(?:TST\*?[[:space:]]*)?TABLE[[:space:]]*DONKEY[[:space:]]*AND[[:space:]]*ST,199,,,
rx_fix_017,foxy_johns_bar_kit,^(?:TST\*?[[:space:]]*)?FOXY[[:space:]]*JOHNS?[[:space:]]*BAR,199,,,
rx_fix_018,bar_siena,^(?:TST\*?[[:space:]]*)?BAR[[:space:]]*SIENA,199,,,
rx_fix_019,etta,^(?:TST\*?[[:space:]]*)?ETTA\y,199,,,
rx_fix_020,mariscos_san_pedro,^(?:TST\*?[[:space:]]*)?MARISCOS?[[:space:]]*SAN[[:space:]]*PEDRO,199,,,
rx_fix_021,avec_west_loop,^(?:TST\*?[[:space:]]*)?AVEC[[:space:]]*WEST[[:space:]]*LOOP,199,,,
rx_fix_022,gaijin,^(?:TST\*?[[:space:]]*)?GAIJIN\y,199,,,
rx_fix_023,attaboy,^(?:TST\*?[[:space:]]*)?ATTABOY\y,199,,,
rx_fix_024,leye_beatrix_wacke,^(?:TST\*?[[:space:]]*)?LEYE[[:space:]]*[-–][[:space:]]*BEATRIX,199,,,
rx_fix_025,maxwells_trading,^(?:TST\*?[[:space:]]*)?MAXWELLS?[[:space:]]*TRADING,199,,,
rx_fix_026,beautiful_rind,^(?:TST\*?[[:space:]]*)?BEAUTIFUL[[:space:]]*RIND,199,,,
rx_fix_027,chicago_winery,^(?:TST\*?[[:space:]]*)?CHICAGO[[:space:]]*WINERY,199,,,
rx_fix_028,bloom_plant_based_ki,^(?:TST\*?[[:space:]]*)?BLOOM[[:space:]]*PLANT[[:space:]]*BASED,199,,,
rx_fix_029,electric_hotel,^(?:TST\*?[[:space:]]*)?ELECTRIC[[:space:]]*HOTEL,199,,,
rx_fix_030,city_winery_chicag,^(?:TST\*?[[:space:]]*)?CITY[[:space:]]*WINERY,199,,,
rx_fix_031,230_fifth,^(?:TST\*?[[:space:]]*)?230[[:space:]]*FIFTH,199,,,
rx_fix_032,berries_sanitize,^(?:TST\*?[[:space:]]*)?BERRY[[:space:]]*PARK,199,,,
rx_fix_033,good_ambler,^(?:TST\*?[[:space:]]*)?GOOD[[:space:]]*AMBLER,199,,,
rx_fix_034,stans_donuts_181,^(?:TST\*?[[:space:]]*)?STANS?[[:space:]]*DONUTS?.*181,199,,,
rx_fix_035,texan_taco_bar,^(?:TST\*?[[:space:]]*)?TEXAN[[:space:]]*TACO[[:space:]]*BAR,199,,,
rx_fix_036,via_313_east_side,^(?:TST\*?[[:space:]]*)?VIA[[:space:]]*313[[:space:]]*EAST[[:space:]]*SIDE,199,,,
rx_fix_037,los_tacos_no_1_pe,^(?:TST\*?[[:space:]]*)?LOS[[:space:]]*TACOS[[:space:]]*NO\.?[[:space:]]*1\y.*PE,199,,,
rx_fix_038,los_tacos_no_1_che,^(?:TST\*?[[:space:]]*)?LOS[[:space:]]*TACOS[[:space:]]*NO\.?[[:space:]]*1\y.*CHE,199,,,
rx_fix_039,intelligentsia_mil,^(?:TST\*?[[:space:]]*)?INTELLIGENTSIA\y.*MIL,199,,,